first,last,season_code,age,gender,ethnicity,poc,season_diversity,lgbt,appearance,first_in_house,comps,hoh,veto,first_hoh,nom,afp,jurymember,placement,final2,runnerup,winner
Will,Kirby,bbus2,28,male,white,FALSE,0.17,non-lgbt,1,FALSE,0,0,na,FALSE,4,na,TRUE,1,TRUE,FALSE,TRUE
Nicole,Schaffrich,bbus2,31,female,white,FALSE,0.17,non-lgbt,1,TRUE,1,1,na,FALSE,2,na,TRUE,2,TRUE,TRUE,FALSE
Monica,Bailey,bbus2,40,female,black,TRUE,0.17,non-lgbt,1,FALSE,1,1,na,FALSE,2,na,TRUE,3,FALSE,FALSE,FALSE
Hardy,Ames-Hill,bbus2,31,male,white,FALSE,0.17,non-lgbt,1,FALSE,3,3,na,FALSE,1,na,TRUE,4,FALSE,FALSE,FALSE
Bunky,Miller,bbus2,36,male,white,FALSE,0.17,gay,1,FALSE,0,0,na,FALSE,1,na,TRUE,5,FALSE,FALSE,FALSE
Krista,Stegall,bbus2,28,female,white,FALSE,0.17,non-lgbt,1,FALSE,1,1,na,FALSE,2,na,TRUE,6,FALSE,FALSE,FALSE
Kent,Blackwelder,bbus2,46,male,white,FALSE,0.17,non-lgbt,1,FALSE,1,1,na,FALSE,2,na,TRUE,7,FALSE,FALSE,FALSE
"Mike ""Boogie""",Malin,bbus2,30,male,white,FALSE,0.17,non-lgbt,1,FALSE,1,1,na,TRUE,1,na,TRUE,8,FALSE,FALSE,FALSE
Shannon,Dragoo,bbus2,29,female,white,FALSE,0.17,non-lgbt,1,FALSE,0,0,na,FALSE,1,na,TRUE,9,FALSE,FALSE,FALSE
Autumn,Daly,bbus2,28,female,black,TRUE,0.17,non-lgbt,1,FALSE,0,0,na,FALSE,1,na,TRUE,10,FALSE,FALSE,FALSE
Sheryl,Braxton,bbus2,43,female,white,FALSE,0.17,non-lgbt,1,FALSE,0,0,na,FALSE,1,na,TRUE,11,FALSE,FALSE,FALSE
Justin,Sebik,bbus2,26,male,white,FALSE,0.17,non-lgbt,1,FALSE,0,0,na,FALSE,0,na,FALSE,12,FALSE,FALSE,FALSE
Lisa,Donahue,bbus3,26,female,white,FALSE,0.17,non-lgbt,1,FALSE,3,2,1,TRUE,2,na,TRUE,1,TRUE,FALSE,TRUE
Danielle,Reyes,bbus3,30,female,black,TRUE,0.17,non-lgbt,1,FALSE,2,1,1,FALSE,1,na,TRUE,2,TRUE,TRUE,FALSE
Jason,Guy,bbus3,25,male,white,FALSE,0.17,non-lgbt,1,FALSE,3,2,1,FALSE,1,na,TRUE,3,FALSE,FALSE,FALSE
Amy,Crews,bbus3,23,female,white,FALSE,0.17,non-lgbt,1,TRUE,2,1,1,FALSE,6,na,TRUE,4,FALSE,FALSE,FALSE
Marcellas,Reynolds,bbus3,34,male,black,TRUE,0.17,gay,1,FALSE,3,2,1,FALSE,3,na,TRUE,5,FALSE,FALSE,FALSE
Roddy,Mancuso,bbus3,30,male,white,FALSE,0.17,non-lgbt,1,FALSE,1,1,0,FALSE,3,na,TRUE,6,FALSE,FALSE,FALSE
Gerry,Lancaster,bbus3,51,male,white,FALSE,0.17,non-lgbt,1,FALSE,3,1,2,FALSE,1,na,TRUE,7,FALSE,FALSE,FALSE
Chiara,Berti,bbus3,25,female,white,FALSE,0.17,non-lgbt,1,FALSE,2,1,1,FALSE,1,na,TRUE,8,FALSE,FALSE,FALSE
Josh,Feinberg,bbus3,28,male,white,FALSE,0.17,non-lgbt,1,FALSE,0,0,0,FALSE,2,na,TRUE,9,FALSE,FALSE,FALSE
Eric,Ouellette,bbus3,27,male,white,FALSE,0.17,non-lgbt,1,FALSE,1,0,1,FALSE,1,na,TRUE,10,FALSE,FALSE,FALSE
Tonya,Paoni,bbus3,35,female,white,FALSE,0.17,non-lgbt,1,FALSE,0,0,0,FALSE,1,na,TRUE,11,FALSE,FALSE,FALSE
Lori,Olson,bbus3,37,female,white,FALSE,0.17,non-lgbt,1,FALSE,0,0,0,FALSE,1,na,TRUE,12,FALSE,FALSE,FALSE
Jun,Song,bbus4,27,female,asian,TRUE,0.31,non-lgbt,1,FALSE,2,1,1,FALSE,3,na,TRUE,1,TRUE,FALSE,TRUE
Alison,Irwin,bbus4,22,female,white,FALSE,0.31,non-lgbt,1,FALSE,4,2,2,FALSE,3,na,TRUE,2,TRUE,TRUE,FALSE
Robert,Roman,bbus4,33,male,white-latinx,TRUE,0.31,non-lgbt,1,FALSE,3,1,2,FALSE,3,na,TRUE,3,FALSE,FALSE,FALSE
Erika,Landin,bbus4,33,female,white,FALSE,0.31,non-lgbt,1,FALSE,1,1,0,FALSE,3,na,TRUE,4,FALSE,FALSE,FALSE
Jee,Choe,bbus4,23,male,asian,TRUE,0.31,non-lgbt,1,FALSE,3,2,1,FALSE,2,na,TRUE,5,FALSE,FALSE,FALSE
Jack,Owens,bbus4,58,male,white,FALSE,0.31,non-lgbt,1,FALSE,0,0,0,FALSE,3,na,TRUE,6,FALSE,FALSE,FALSE
Justin,Giovinco,bbus4,22,male,white,FALSE,0.31,non-lgbt,1,FALSE,1,1,0,FALSE,1,na,TRUE,7,FALSE,FALSE,FALSE
Nathan,Marlow,bbus4,23,male,white,FALSE,0.31,non-lgbt,1,FALSE,2,1,1,TRUE,1,na,TRUE,8,FALSE,FALSE,FALSE
Dana,Varela,bbus4,28,female,unknown,TRUE,0.31,non-lgbt,1,FALSE,2,1,1,FALSE,1,na,TRUE,9,FALSE,FALSE,FALSE
David,Lane,bbus4,21,male,white,FALSE,0.31,non-lgbt,1,FALSE,1,0,1,FALSE,1,na,FALSE,10,FALSE,FALSE,FALSE
Michelle,Maradie,bbus4,19,female,white,FALSE,0.31,non-lgbt,1,FALSE,0,0,0,FALSE,1,na,FALSE,11,FALSE,FALSE,FALSE
Amanda,Craig,bbus4,25,female,biracial,TRUE,0.31,non-lgbt,1,FALSE,0,0,0,FALSE,1,na,FALSE,12,FALSE,FALSE,FALSE
Scott,Weintraub,bbus4,33,male,white,FALSE,0.31,non-lgbt,1,TRUE,0,0,0,FALSE,0,na,FALSE,13,FALSE,FALSE,FALSE
Drew,Daniel,bbus5,22,male,white,FALSE,0.07,non-lgbt,1,FALSE,5,4,1,FALSE,1,na,TRUE,1,TRUE,FALSE,TRUE
"Michael ""Cowboy""",Ellis,bbus5,23,male,white,FALSE,0.07,non-lgbt,1,FALSE,1,0,1,FALSE,4,na,TRUE,2,TRUE,TRUE,FALSE
Diane,Henry,bbus5,22,female,white,FALSE,0.07,non-lgbt,1,FALSE,3,1,2,FALSE,4,na,TRUE,3,FALSE,FALSE,FALSE
"Jennifer ""Nakomis""",Dedmon,bbus5,21,female,white,FALSE,0.07,non-lgbt,1,FALSE,4,3,1,FALSE,4,na,TRUE,4,FALSE,FALSE,FALSE
Karen,Ganci,bbus5,30,female,white,FALSE,0.07,non-lgbt,1,FALSE,1,0,1,FALSE,2,na,TRUE,5,FALSE,FALSE,FALSE
Marvin,Latimer,bbus5,36,male,black,TRUE,0.07,non-lgbt,1,FALSE,2,2,0,FALSE,4,na,TRUE,6,FALSE,FALSE,FALSE
Adria,Klein,bbus5,30,female,white,FALSE,0.07,non-lgbt,1,TRUE,3,1,2,FALSE,3,na,TRUE,7,FALSE,FALSE,FALSE
Natalie,Carroll,bbus5,30,female,white,FALSE,0.07,non-lgbt,1,FALSE,0,0,0,FALSE,1,na,TRUE,8,FALSE,FALSE,FALSE
Will,Wikle,bbus5,26,male,white,FALSE,0.07,gay,1,FALSE,0,0,0,FALSE,1,na,TRUE,9,FALSE,FALSE,FALSE
Jase,Wirey,bbus5,28,male,white,FALSE,0.07,non-lgbt,1,FALSE,3,1,2,TRUE,2,na,FALSE,10,FALSE,FALSE,FALSE
Scott,Long,bbus5,25,male,white,FALSE,0.07,non-lgbt,1,FALSE,1,0,1,FALSE,1,na,FALSE,11,FALSE,FALSE,FALSE
Holly,King,bbus5,26,female,white,FALSE,0.07,non-lgbt,1,FALSE,0,0,0,FALSE,2,na,FALSE,12,FALSE,FALSE,FALSE
Lori,Valenti,bbus5,26,female,white,FALSE,0.07,non-lgbt,1,FALSE,0,0,0,FALSE,1,na,FALSE,13,FALSE,FALSE,FALSE
Mike,Lubinski,bbus5,41,male,white,FALSE,0.07,non-lgbt,1,FALSE,0,0,0,FALSE,1,na,FALSE,14,FALSE,FALSE,FALSE
Maggie,Ausburn,bbus6,27,female,white,FALSE,0.29,non-lgbt,1,FALSE,2,1,1,FALSE,4,na,TRUE,1,TRUE,FALSE,TRUE
Ivette,Corredero,bbus6,25,female,other-latinx,TRUE,0.29,lesbian,1,FALSE,3,2,1,FALSE,4,na,TRUE,2,TRUE,TRUE,FALSE
Janelle,Pierzina,bbus6,25,female,white,FALSE,0.29,non-lgbt,1,FALSE,4,2,2,FALSE,6,na,TRUE,3,FALSE,FALSE,FALSE
April,Lewis,bbus6,31,female,white,FALSE,0.29,non-lgbt,1,TRUE,2,1,1,FALSE,2,na,TRUE,4,FALSE,FALSE,FALSE
Howie,Gordon,bbus6,34,male,white,FALSE,0.29,non-lgbt,1,FALSE,2,2,0,FALSE,3,na,TRUE,5,FALSE,FALSE,FALSE
Beau,Beasley,bbus6,25,male,black,TRUE,0.29,gay,1,FALSE,1,1,0,FALSE,1,na,TRUE,6,FALSE,FALSE,FALSE
James,Rhine,bbus6,29,male,white,FALSE,0.29,non-lgbt,1,FALSE,4,0,4,FALSE,4,na,TRUE,7,FALSE,FALSE,FALSE
Rachel,Plencner,bbus6,33,female,white,FALSE,0.29,non-lgbt,1,FALSE,3,1,2,TRUE,2,na,TRUE,8,FALSE,FALSE,FALSE
Jennifer,Vasquez,bbus6,27,female,other-latinx,TRUE,0.29,non-lgbt,1,FALSE,1,1,0,FALSE,1,na,TRUE,9,FALSE,FALSE,FALSE
Kaysar,Ridha,bbus6,25,male,middle eastern,TRUE,0.29,non-lgbt,1,FALSE,1,1,0,FALSE,3,na,FALSE,10,FALSE,FALSE,FALSE
Sarah,Hrejsa,bbus6,23,female,white,FALSE,0.29,non-lgbt,1,FALSE,1,0,1,FALSE,1,na,FALSE,11,FALSE,FALSE,FALSE
Eric,Littmann,bbus6,36,male,white,FALSE,0.29,non-lgbt,1,FALSE,1,1,0,FALSE,1,na,FALSE,12,FALSE,FALSE,FALSE
Michael,Donnellan,bbus6,28,male,white,FALSE,0.29,non-lgbt,1,FALSE,0,0,0,FALSE,1,na,FALSE,13,FALSE,FALSE,FALSE
Ashlea,Evans,bbus6,22,female,white,FALSE,0.29,non-lgbt,1,FALSE,0,0,0,FALSE,1,na,FALSE,14,FALSE,FALSE,FALSE
"Mike ""Boogie""",Malin,bbus7,36,male,white,FALSE,0.21,non-lgbt,2,FALSE,4,3,1,FALSE,2,no,TRUE,1,TRUE,FALSE,TRUE
Erika,Landin,bbus7,36,female,white,FALSE,0.21,non-lgbt,2,FALSE,3,1,2,FALSE,6,no,TRUE,2,TRUE,TRUE,FALSE
Janelle,Pierzina,bbus7,26,female,white,FALSE,0.21,non-lgbt,2,TRUE,9,4,5,TRUE,4,yes,TRUE,3,FALSE,FALSE,FALSE
Will,Kirby,bbus7,33,male,white,FALSE,0.21,non-lgbt,2,FALSE,0,0,0,FALSE,2,no,TRUE,4,FALSE,FALSE,FALSE
George,Boswell,bbus7,47,male,white,FALSE,0.21,non-lgbt,2,FALSE,2,1,1,FALSE,4,no,TRUE,5,FALSE,FALSE,FALSE
Danielle,Reyes,bbus7,34,female,black,TRUE,0.21,non-lgbt,2,FALSE,2,1,1,FALSE,3,no,TRUE,6,FALSE,FALSE,FALSE
James,Rhine,bbus7,30,male,white,FALSE,0.21,non-lgbt,2,FALSE,2,1,1,FALSE,3,no,TRUE,7,FALSE,FALSE,FALSE
Howie,Gordon,bbus7,35,male,white,FALSE,0.21,non-lgbt,2,FALSE,0,0,0,FALSE,1,no,TRUE,8,FALSE,FALSE,FALSE
Marcellas,Reynolds,bbus7,36,male,black,TRUE,0.21,gay,2,FALSE,0,0,0,FALSE,1,no,TRUE,9,FALSE,FALSE,FALSE
kaysar,Ridha,bbus7,25,male,middle eastern,TRUE,0.21,non-lgbt,2,FALSE,1,1,0,FALSE,1,no,FALSE,10,FALSE,FALSE,FALSE
Diane,Henry,bbus7,24,female,white,FALSE,0.21,non-lgbt,2,FALSE,0,0,0,FALSE,2,no,FALSE,11,FALSE,FALSE,FALSE
Jase,Wirey,bbus7,30,male,white,FALSE,0.21,non-lgbt,2,FALSE,1,1,0,TRUE,1,no,FALSE,12,FALSE,FALSE,FALSE
"Jennifer ""Nakomis""",Dedmon,bbus7,23,female,white,FALSE,0.21,non-lgbt,2,FALSE,0,0,0,FALSE,1,no,FALSE,13,FALSE,FALSE,FALSE
Alison,Irwin,bbus7,25,female,white,FALSE,0.21,non-lgbt,2,FALSE,0,0,0,FALSE,1,no,FALSE,14,FALSE,FALSE,FALSE
Dick,Donato,bbus8,44,male,white,FALSE,0.14,non-lgbt,1,FALSE,4,3,1,FALSE,3,no,TRUE,1,TRUE,FALSE,TRUE
Daniele,Donato,bbus8,20,female,white,FALSE,0.14,non-lgbt,1,FALSE,7,2,5,FALSE,4,no,TRUE,2,TRUE,TRUE,FALSE
Zach,Swerdzewski,bbus8,30,male,white,FALSE,0.14,non-lgbt,1,FALSE,3,2,1,FALSE,2,no,TRUE,3,FALSE,FALSE,FALSE
Jameka,Cameron,bbus8,28,female,black,TRUE,0.14,non-lgbt,1,FALSE,1,0,1,FALSE,4,no,TRUE,4,FALSE,FALSE,FALSE
Eric,Stein,bbus8,27,male,white,FALSE,0.14,non-lgbt,1,FALSE,1,0,1,FALSE,2,no,TRUE,5,FALSE,FALSE,FALSE
Jessica,Hughbanks,bbus8,21,female,white,FALSE,0.14,non-lgbt,1,FALSE,2,2,0,FALSE,1,no,TRUE,6,FALSE,FALSE,FALSE
Amber,Siyavus,bbus8,27,female,white,FALSE,0.14,non-lgbt,1,FALSE,0,0,0,FALSE,3,no,TRUE,7,FALSE,FALSE,FALSE
Jen,Johnson,bbus8,23,female,white,FALSE,0.14,non-lgbt,1,FALSE,3,1,2,FALSE,4,no,TRUE,8,FALSE,FALSE,FALSE
Dustin,Erikstrup,bbus8,22,male,white,FALSE,0.14,gay,1,FALSE,1,1,0,FALSE,1,no,TRUE,9,FALSE,FALSE,FALSE
Kail,Harbick,bbus8,37,female,white,FALSE,0.14,non-lgbt,1,FALSE,1,1,0,TRUE,3,no,FALSE,10,FALSE,FALSE,FALSE
Nick,Starcevic,bbus8,25,male,white,FALSE,0.14,non-lgbt,1,FALSE,0,0,0,FALSE,1,no,FALSE,11,FALSE,FALSE,FALSE
Mike,Dutz,bbus8,26,male,white,FALSE,0.14,non-lgbt,1,FALSE,0,0,0,FALSE,1,no,FALSE,12,FALSE,FALSE,FALSE
Joe,Barber,bbus8,23,male,white,FALSE,0.14,gay,1,TRUE,0,0,0,FALSE,1,no,FALSE,13,FALSE,FALSE,FALSE
Carol,Journey,bbus8,21,female,other-latinx,TRUE,0.14,non-lgbt,1,FALSE,0,0,0,FALSE,1,no,FALSE,14,FALSE,FALSE,FALSE
Adam,Jasinski,bbus9,29,male,white,FALSE,0.13,non-lgbt,1,FALSE,3,2,1,FALSE,3,no,TRUE,1,TRUE,FALSE,TRUE
Ryan,Quicksall,bbus9,27,male,white,FALSE,0.13,non-lgbt,1,FALSE,5,3,2,FALSE,3,no,TRUE,2,TRUE,TRUE,FALSE
Sheila,Kennedy,bbus9,45,female,white,FALSE,0.13,non-lgbt,1,FALSE,1,1,0,FALSE,5,no,TRUE,3,FALSE,FALSE,FALSE
Sharon,Obermueller,bbus9,23,female,white,FALSE,0.13,non-lgbt,1,FALSE,2,1,1,FALSE,6,no,TRUE,4,FALSE,FALSE,FALSE
Natalie,Cunial,bbus9,28,female,white,FALSE,0.13,non-lgbt,1,TRUE,3,1,2,FALSE,3,no,TRUE,5,FALSE,FALSE,FALSE
James,Zinkand,bbus9,21,male,white,FALSE,0.13,bisexual,1,FALSE,5,2,3,FALSE,4,yes,TRUE,6,FALSE,FALSE,FALSE
Joshua,Welch,bbus9,25,male,white,FALSE,0.13,gay,1,FALSE,2,1,1,FALSE,1,no,TRUE,7,FALSE,FALSE,FALSE
Chelsia,Hart,bbus9,21,female,white,FALSE,0.13,non-lgbt,1,FALSE,2,1,1,FALSE,2,no,TRUE,8,FALSE,FALSE,FALSE
Matty,McDonald,bbus9,23,male,white,FALSE,0.13,non-lgbt,1,FALSE,2,0,2,FALSE,3,no,TRUE,9,FALSE,FALSE,FALSE
Allison,Nichols,bbus9,28,female,white,FALSE,0.13,non-lgbt,1,FALSE,0,0,0,FALSE,2,no,FALSE,10,FALSE,FALSE,FALSE
Alex,Coladonato,bbus9,24,male,white,FALSE,0.13,non-lgbt,1,FALSE,1,1,0,TRUE,1,no,FALSE,11,FALSE,FALSE,FALSE
Amanda,Hensen,bbus9,23,female,white,FALSE,0.13,non-lgbt,1,FALSE,1,1,0,TRUE,1,no,FALSE,12,FALSE,FALSE,FALSE
Jen,DiTurno,bbus9,26,female,white,FALSE,0.13,non-lgbt,1,FALSE,0,0,0,FALSE,1,no,FALSE,13,FALSE,FALSE,FALSE
Parker,Somerville,bbus9,26,male,black,TRUE,0.13,non-lgbt,1,FALSE,0,0,0,FALSE,1,no,FALSE,14,FALSE,FALSE,FALSE
Neil,Garcia,bbus9,29,male,other-latinx,TRUE,0.13,gay,1,FALSE,0,0,0,FALSE,0,no,FALSE,15,FALSE,FALSE,FALSE
Jacob,Heald,bbus9,23,male,white,FALSE,0.13,non-lgbt,1,FALSE,0,0,0,FALSE,0,no,FALSE,16,FALSE,FALSE,FALSE
Dan,Gheesling,bbus10,24,male,white,FALSE,0.31,non-lgbt,1,FALSE,5,3,2,FALSE,1,no,TRUE,1,TRUE,FALSE,TRUE
"Robert ""Memphis""",Garrett,bbus10,25,male,white,FALSE,0.31,non-lgbt,1,FALSE,3,0,3,FALSE,4,no,TRUE,2,TRUE,TRUE,FALSE
Jerry,MacDonald,bbus10,75,male,white,FALSE,0.31,non-lgbt,1,FALSE,4,2,2,TRUE,5,no,TRUE,3,FALSE,FALSE,FALSE
Keesha,Smith,bbus10,29,female,white,FALSE,0.31,non-lgbt,1,FALSE,3,2,1,FALSE,3,yes,TRUE,4,FALSE,FALSE,FALSE
Renny,Martyn,bbus10,53,female,white,FALSE,0.31,non-lgbt,1,FALSE,1,1,0,FALSE,2,no,TRUE,5,FALSE,FALSE,FALSE
"Bryan ""Ollie""",Ollie,bbus10,27,male,black,TRUE,0.31,non-lgbt,1,FALSE,0,0,0,FALSE,1,no,TRUE,6,FALSE,FALSE,FALSE
Michelle,Costa,bbus10,28,female,portuguese,TRUE,0.31,non-lgbt,1,FALSE,2,1,1,FALSE,1,no,TRUE,7,FALSE,FALSE,FALSE
April,Dowling,bbus10,30,female,white,FALSE,0.31,non-lgbt,1,TRUE,1,1,0,FALSE,1,no,TRUE,8,FALSE,FALSE,FALSE
Libra,Thompson,bbus10,31,female,black,TRUE,0.31,non-lgbt,1,FALSE,0,0,0,FALSE,1,no,TRUE,9,FALSE,FALSE,FALSE
Jessie,Godderz,bbus10,22,male,white,FALSE,0.31,non-lgbt,1,FALSE,2,1,1,FALSE,3,no,FALSE,10,FALSE,FALSE,FALSE
Angie,Swindell,bbus10,29,female,asian,TRUE,0.31,non-lgbt,1,FALSE,0,0,0,FALSE,1,no,FALSE,11,FALSE,FALSE,FALSE
Steven,Daigle,bbus10,35,male,white,FALSE,0.31,gay,1,FALSE,0,0,0,FALSE,1,no,FALSE,12,FALSE,FALSE,FALSE
Brian,Hart,bbus10,27,male,white,FALSE,0.31,non-lgbt,1,FALSE,0,0,0,FALSE,1,no,FALSE,13,FALSE,FALSE,FALSE
Jordan,Lloyd,bbus11,22,female,white,FALSE,0.38,non-lgbt,1,FALSE,3,2,1,FALSE,3,no,TRUE,1,TRUE,FALSE,TRUE
Natalie,Martinez,bbus11,24,female,biracial-latinx,TRUE,0.38,non-lgbt,1,FALSE,1,1,0,FALSE,5,no,TRUE,2,TRUE,TRUE,FALSE
Kevin,Campbell,bbus11,29,male,biracial,TRUE,0.38,gay,1,FALSE,3,1,2,FALSE,3,no,TRUE,3,FALSE,FALSE,FALSE
Michele,Noonan,bbus11,27,female,white,FALSE,0.38,bisexual,1,FALSE,4,1,3,FALSE,3,no,TRUE,4,FALSE,FALSE,FALSE
Jeff,Schroeder,bbus11,31,male,white,FALSE,0.38,non-lgbt,1,FALSE,4,1,3,FALSE,2,yes,TRUE,5,FALSE,FALSE,FALSE
Russell,Kairouz,bbus11,24,male,middle eastern,TRUE,0.38,non-lgbt,1,FALSE,2,1,1,FALSE,2,no,TRUE,6,FALSE,FALSE,FALSE
Lydia,Tavera,bbus11,24,female,other-latinx,TRUE,0.38,bisexual,1,FALSE,0,0,0,FALSE,4,no,TRUE,7,FALSE,FALSE,FALSE
Chima,Simone,bbus11,32,female,black,TRUE,0.38,non-lgbt,1,FALSE,1,1,0,FALSE,2,no,FALSE,8,FALSE,FALSE,FALSE
Jessie,Godderz,bbus11,23,male,white,FALSE,0.38,non-lgbt,2,FALSE,2,2,0,TRUE,1,no,TRUE,9,FALSE,FALSE,FALSE
Ronnie,Talbott,bbus11,30,male,white,FALSE,0.38,non-lgbt,1,FALSE,1,1,0,FALSE,1,no,FALSE,10,FALSE,FALSE,FALSE
Casey,Turner,bbus11,41,male,white,FALSE,0.38,non-lgbt,1,FALSE,0,0,0,FALSE,1,no,FALSE,11,FALSE,FALSE,FALSE
Laura,Crosby,bbus11,21,female,white,FALSE,0.38,non-lgbt,1,TRUE,0,0,0,FALSE,1,no,FALSE,12,FALSE,FALSE,FALSE
Braden,Bacha,bbus11,28,male,white,FALSE,0.38,non-lgbt,1,FALSE,0,0,0,FALSE,1,no,FALSE,13,FALSE,FALSE,FALSE
Hayden,Moss,bbus12,24,male,white,FALSE,0.15,non-lgbt,1,FALSE,5,4,1,TRUE,0,no,TRUE,1,TRUE,FALSE,TRUE
Lane,Elenburg,bbus12,24,male,white,FALSE,0.15,non-lgbt,1,FALSE,1,1,0,FALSE,0,no,TRUE,2,TRUE,TRUE,FALSE
Enzo,Palumbo,bbus12,32,male,white,FALSE,0.15,non-lgbt,1,FALSE,1,0,1,FALSE,0,no,TRUE,3,FALSE,FALSE,FALSE
Britney,Haynes,bbus12,22,female,white,FALSE,0.15,non-lgbt,1,FALSE,4,1,3,FALSE,0,yes,TRUE,4,FALSE,FALSE,FALSE
Ragan,Fox,bbus12,34,male,white,FALSE,0.15,gay,1,FALSE,2,0,2,FALSE,0,no,TRUE,5,FALSE,FALSE,FALSE
Brendon,Villegas,bbus12,30,male,biracial-latinx,TRUE,0.15,non-lgbt,1,FALSE,4,1,3,FALSE,0,no,TRUE,6,FALSE,FALSE,FALSE
Matt,Hoffman,bbus12,32,male,white,FALSE,0.15,non-lgbt,1,FALSE,3,2,1,FALSE,0,no,TRUE,7,FALSE,FALSE,FALSE
Kathy,Hillis,bbus12,40,female,white,FALSE,0.15,non-lgbt,1,FALSE,0,0,0,FALSE,0,no,TRUE,8,FALSE,FALSE,FALSE
Rachel,Reilly,bbus12,26,female,white,FALSE,0.15,non-lgbt,1,TRUE,2,2,0,FALSE,0,no,TRUE,9,FALSE,FALSE,FALSE
Kristen,Bitting,bbus12,24,female,white,FALSE,0.15,non-lgbt,1,FALSE,0,0,0,FALSE,0,no,FALSE,10,FALSE,FALSE,FALSE
Andrew,Gordon,bbus12,39,male,white,FALSE,0.15,non-lgbt,1,FALSE,0,0,0,FALSE,0,no,FALSE,11,FALSE,FALSE,FALSE
Monet,Stunson,bbus12,24,female,biracial,TRUE,0.15,non-lgbt,1,FALSE,0,0,0,FALSE,0,no,FALSE,12,FALSE,FALSE,FALSE
Annie,Whittington,bbus12,27,female,white,FALSE,0.15,bisexual,1,FALSE,0,0,0,FALSE,0,no,FALSE,13,FALSE,FALSE,FALSE
Rachel,Reilly,bbus13,27,female,white,FALSE,0.36,non-lgbt,2,FALSE,6,4,2,TRUE,5,no,TRUE,1,TRUE,FALSE,TRUE
Porsche,Briggs,bbus13,23,female,white,FALSE,0.36,non-lgbt,1,FALSE,3,1,2,FALSE,5,no,TRUE,2,TRUE,TRUE,FALSE
Adam,Poch,bbus13,39,male,white,FALSE,0.36,non-lgbt,1,FALSE,3,1,2,FALSE,5,no,TRUE,3,FALSE,FALSE,FALSE
Jordan,Lloyd,bbus13,24,female,white,FALSE,0.36,non-lgbt,2,FALSE,1,1,0,FALSE,3,no,TRUE,4,FALSE,FALSE,FALSE
Kalia,Booker,bbus13,30,female,black,TRUE,0.36,non-lgbt,1,FALSE,2,2,0,FALSE,2,no,TRUE,5,FALSE,FALSE,FALSE
Shelly,Moore,bbus13,41,male,white,FALSE,0.36,non-lgbt,1,TRUE,0,0,0,FALSE,3,no,TRUE,6,FALSE,FALSE,FALSE
Jeff,Schroeder,bbus13,33,male,white,FALSE,0.36,non-lgbt,2,FALSE,3,1,2,FALSE,2,yes,TRUE,7,FALSE,FALSE,FALSE
Daniele,Donato,bbus13,24,female,white,FALSE,0.36,non-lgbt,2,FALSE,2,2,0,FALSE,1,no,TRUE,8,FALSE,FALSE,FALSE
Brendon,Villegas,bbus13,31,male,biracial-latinx,TRUE,0.36,non-lgbt,2,FALSE,3,0,3,FALSE,2,no,TRUE,9,FALSE,FALSE,FALSE
Lawon,Exum,bbus13,39,male,black,TRUE,0.36,gay,1,FALSE,0,0,0,FALSE,1,no,FALSE,10,FALSE,FALSE,FALSE
Dominic,Briones,bbus13,25,male,biracial,TRUE,0.36,non-lgbt,1,FALSE,1,0,1,FALSE,2,no,FALSE,11,FALSE,FALSE,FALSE
Cassi,Colvin,bbus13,26,female,white,FALSE,0.36,non-lgbt,1,FALSE,0,0,0,FALSE,1,no,FALSE,12,FALSE,FALSE,FALSE
Keith,Henderson,bbus13,32,male,black,TRUE,0.36,non-lgbt,1,FALSE,0,0,0,FALSE,1,no,FALSE,13,FALSE,FALSE,FALSE
Dick,Donato,bbus13,48,male,white,FALSE,0.36,non-lgbt,2,FALSE,0,0,0,FALSE,0,no,FALSE,14,FALSE,FALSE,FALSE
Ian,Terry,bbus14,21,male,white,FALSE,0.13,non-lgbt,1,FALSE,6,4,2,FALSE,2,no,TRUE,1,TRUE,FALSE,TRUE
Dan,Gheesling,bbus14,28,male,white,FALSE,0.13,non-lgbt,2,FALSE,2,1,1,FALSE,3,no,TRUE,2,TRUE,TRUE,FALSE
Danielle,Murphree,bbus14,23,female,white,FALSE,0.13,non-lgbt,1,FALSE,4,2,2,FALSE,6,no,TRUE,3,FALSE,FALSE,FALSE
Shane,Meaney,bbus14,28,male,white,FALSE,0.13,non-lgbt,1,FALSE,6,2,4,FALSE,3,no,TRUE,4,FALSE,FALSE,FALSE
"Jenn ""JennCity""",Arroyo,bbus14,37,female,other-latinx,TRUE,0.13,lesbian,1,FALSE,1,0,1,FALSE,4,no,TRUE,5,FALSE,FALSE,FALSE
Joe,Arvin,bbus14,41,male,white,FALSE,0.13,non-lgbt,1,FALSE,0,0,0,FALSE,5,no,TRUE,6,FALSE,FALSE,FALSE
Frank,Eudy,bbus14,28,male,white,FALSE,0.13,non-lgbt,1,FALSE,6,3,3,FALSE,5,yes,TRUE,7,FALSE,FALSE,FALSE
Britney,Haynes,bbus14,24,female,white,FALSE,0.13,non-lgbt,2,FALSE,0,0,0,FALSE,1,no,TRUE,8,FALSE,FALSE,FALSE
Ashley,Iocco,bbus14,26,female,white,FALSE,0.13,non-lgbt,1,TRUE,0,0,0,FALSE,2,no,TRUE,9,FALSE,FALSE,FALSE
"Mike ""Boogie""",Malin,bbus14,41,male,white,FALSE,0.13,non-lgbt,3,FALSE,1,0,0,FALSE,1,no,FALSE,10,FALSE,FALSE,FALSE
Wil,Heuser,bbus14,24,male,white,FALSE,0.13,gay,1,FALSE,0,0,0,FALSE,2,no,FALSE,11,FALSE,FALSE,FALSE
Janelle,Pierzina,bbus14,32,female,white,FALSE,0.13,non-lgbt,3,FALSE,2,0,0,FALSE,1,no,FALSE,12,FALSE,FALSE,FALSE
"Josephine ""JoJo""",Spatafora,bbus14,26,female,white,FALSE,0.13,bisexual,1,FALSE,0,0,0,FALSE,1,no,FALSE,13,FALSE,FALSE,FALSE
Willie,Hantz,bbus14,34,male,white,FALSE,0.13,non-lgbt,1,FALSE,1,1,0,TRUE,0,no,FALSE,14,FALSE,FALSE,FALSE
Kara,Monaco,bbus14,29,female,white,FALSE,0.13,non-lgbt,1,FALSE,0,0,0,FALSE,2,no,FALSE,15,FALSE,FALSE,FALSE
Jodi,Rollins,bbus14,42,female,black,TRUE,0.13,non-lgbt,1,FALSE,0,0,0,FALSE,1,no,FALSE,16,FALSE,FALSE,FALSE
Andy,Herren,bbus15,26,male,white,FALSE,0.19,gay,1,FALSE,4,3,1,FALSE,1,no,TRUE,1,TRUE,FALSE,TRUE
GinaMarie,Zimmerman,bbus15,32,female,white,FALSE,0.19,non-lgbt,1,TRUE,2,2,0,FALSE,4,no,TRUE,2,TRUE,TRUE,FALSE
Spencer,Clawson,bbus15,31,male,white,FALSE,0.19,non-lgbt,1,FALSE,2,1,1,FALSE,9,no,TRUE,3,FALSE,FALSE,FALSE
McCrae,Olson,bbus15,23,male,white,FALSE,0.19,non-lgbt,1,FALSE,5,2,3,TRUE,4,no,TRUE,4,FALSE,FALSE,FALSE
Judd,Daugherty,bbus15,26,male,white,FALSE,0.19,non-lgbt,1,FALSE,2,1,1,FALSE,3,no,TRUE,5,FALSE,FALSE,FALSE
Elissa,Slater,bbus15,27,female,white,FALSE,0.19,non-lgbt,1,FALSE,3,1,2,FALSE,5,yes,TRUE,6,FALSE,FALSE,FALSE
Amanda,Zuckerman,bbus15,28,female,white,FALSE,0.19,non-lgbt,1,FALSE,1,0,1,FALSE,3,no,TRUE,7,FALSE,FALSE,FALSE
Aaryn,Gries,bbus15,22,female,white,FALSE,0.19,non-lgbt,1,FALSE,5,4,1,FALSE,3,no,TRUE,8,FALSE,FALSE,FALSE
Helen,Kim,bbus15,37,female,asian,TRUE,0.19,non-lgbt,1,FALSE,1,1,0,FALSE,2,no,TRUE,9,FALSE,FALSE,FALSE
Jessie,Kowalski,bbus15,25,female,white,FALSE,0.19,non-lgbt,1,FALSE,1,0,1,FALSE,4,no,TRUE,10,FALSE,FALSE,FALSE
Candice,Stewart,bbus15,29,female,black,TRUE,0.19,non-lgbt,1,FALSE,0,0,0,FALSE,3,no,TRUE,11,FALSE,FALSE,FALSE
Howard,Overby,bbus15,29,male,black,TRUE,0.19,non-lgbt,1,FALSE,0,0,0,FALSE,1,no,FALSE,12,FALSE,FALSE,FALSE
Kaitlin,Barnaby,bbus15,23,female,white,FALSE,0.19,non-lgbt,1,FALSE,1,0,1,FALSE,2,no,FALSE,13,FALSE,FALSE,FALSE
Jeremy,McGuire,bbus15,23,male,white,FALSE,0.19,non-lgbt,1,FALSE,1,0,1,FALSE,2,no,FALSE,14,FALSE,FALSE,FALSE
Nick,Uhas,bbus15,28,male,white,FALSE,0.19,non-lgbt,1,FALSE,0,0,0,FALSE,1,no,FALSE,15,FALSE,FALSE,FALSE
David,Griton,bbus15,25,male,white,FALSE,0.19,non-lgbt,1,FALSE,0,0,0,FALSE,1,no,FALSE,16,FALSE,FALSE,FALSE
Derrick,Lavasseur,bbus16,30,male,white,FALSE,0.31,non-lgbt,1,FALSE,4,4,0,FALSE,1,no,TRUE,1,TRUE,FALSE,TRUE
Cody,Calafiore,bbus16,23,male,white,FALSE,0.31,non-lgbt,1,FALSE,6,3,3,FALSE,2,no,TRUE,2,TRUE,TRUE,FALSE
Victoria,Rafaeli,bbus16,22,female,middle eastern,TRUE,0.31,non-lgbt,1,FALSE,3,0,1,FALSE,8,no,TRUE,3,FALSE,FALSE,FALSE
Caleb,Reynolds,bbus16,26,male,white,FALSE,0.31,non-lgbt,1,FALSE,6,4,0,FALSE,3,no,TRUE,4,FALSE,FALSE,FALSE
Frankie,Grande,bbus16,31,male,white,FALSE,0.31,gay,1,FALSE,9,5,3,TRUE,1,no,TRUE,5,FALSE,FALSE,FALSE
Christine,Brecht,bbus16,23,female,white,FALSE,0.31,non-lgbt,1,FALSE,5,1,2,FALSE,2,no,TRUE,6,FALSE,FALSE,FALSE
Nicole,Franzel,bbus16,21,female,white,FALSE,0.31,non-lgbt,1,FALSE,5,3,0,FALSE,4,no,TRUE,7,FALSE,FALSE,FALSE
Donny,Thompson,bbus16,42,male,white,FALSE,0.31,non-lgbt,1,FALSE,6,1,3,FALSE,5,yes,TRUE,8,FALSE,FALSE,FALSE
Zach,Rance,bbus16,23,male,white,FALSE,0.31,non-lgbt,1,FALSE,2,1,1,FALSE,4,no,TRUE,9,FALSE,FALSE,FALSE
Hayden,Voss,bbus16,21,male,white,FALSE,0.31,non-lgbt,1,FALSE,2,0,1,FALSE,1,no,TRUE,10,FALSE,FALSE,FALSE
Jocasta,Odom,bbus16,33,female,black,TRUE,0.31,bisexual,1,FALSE,1,0,0,FALSE,3,no,TRUE,11,FALSE,FALSE,FALSE
Amber,Borzotra,bbus16,26,female,biracial,TRUE,0.31,non-lgbt,1,FALSE,3,1,0,FALSE,1,no,FALSE,12,FALSE,FALSE,FALSE
Brittany,Martinez,bbus16,29,female,white,FALSE,0.31,non-lgbt,1,FALSE,1,0,0,FALSE,2,no,FALSE,13,FALSE,FALSE,FALSE
Devin,Shepherd,bbus16,26,male,black,TRUE,0.31,non-lgbt,1,FALSE,2,1,1,FALSE,1,no,FALSE,14,FALSE,FALSE,FALSE
"Paola ""Pow Pow""",Shea,bbus16,27,female,asian,TRUE,0.31,non-lgbt,1,FALSE,0,0,0,FALSE,2,no,FALSE,15,FALSE,FALSE,FALSE
Joey,Van Pelt,bbus16,27,female,unknown,TRUE,0.31,non-lgbt,1,TRUE,0,0,0,FALSE,1,no,FALSE,16,FALSE,FALSE,FALSE
Steven,Moses,bbus17,22,male,white,FALSE,0.18,non-lgbt,1,FALSE,7,4,2,FALSE,4,no,TRUE,1,TRUE,FALSE,TRUE
Liz,Nolan,bbus17,23,female,white,FALSE,0.18,non-lgbt,1,FALSE,5,3,1,FALSE,3,no,TRUE,2,TRUE,TRUE,FALSE
Vanessa,Rousso,bbus17,32,female,white,FALSE,0.18,lesbian,1,FALSE,7,4,3,FALSE,3,no,TRUE,3,FALSE,FALSE,FALSE
"John ""Johnny Mac""",McGuire,bbus17,27,male,white,FALSE,0.18,non-lgbt,1,FALSE,5,0,4,FALSE,8,no,TRUE,4,FALSE,FALSE,FALSE
Austin,Matelson,bbus17,30,male,white,FALSE,0.18,non-lgbt,1,FALSE,3,2,1,FALSE,2,no,TRUE,5,FALSE,FALSE,FALSE
Julia,Nolan,bbus17,23,female,white,FALSE,0.18,non-lgbt,1,FALSE,1,0,1,FALSE,2,no,TRUE,6,FALSE,FALSE,FALSE
James,Huling,bbus17,31,male,asian,TRUE,0.18,non-lgbt,1,FALSE,6,2,2,TRUE,3,yes,TRUE,7,FALSE,FALSE,FALSE
Meg,Maley,bbus17,25,female,white,FALSE,0.18,non-lgbt,1,FALSE,1,0,0,FALSE,3,no,TRUE,8,FALSE,FALSE,FALSE
Becky,Burgess,bbus17,26,female,white,FALSE,0.18,non-lgbt,1,FALSE,3,2,0,FALSE,2,no,TRUE,9,FALSE,FALSE,FALSE
Jackie,Ibarra,bbus17,27,female,other-latinx,TRUE,0.18,non-lgbt,1,FALSE,2,1,0,FALSE,2,no,TRUE,10,FALSE,FALSE,FALSE
Shelli,Poole,bbus17,33,female,white,FALSE,0.18,non-lgbt,1,FALSE,2,2,0,FALSE,2,no,TRUE,11,FALSE,FALSE,FALSE
Clay,Honeycutt,bbus17,23,male,white,FALSE,0.18,non-lgbt,1,FALSE,0,0,0,FALSE,2,no,FALSE,12,FALSE,FALSE,FALSE
Jason,Roy,bbus17,25,male,white,FALSE,0.18,gay,1,FALSE,3,1,0,FALSE,2,no,FALSE,13,FALSE,FALSE,FALSE
Audrey,Middleton,bbus17,25,female,white,FALSE,0.18,transgender,1,FALSE,0,0,0,FALSE,1,no,FALSE,14,FALSE,FALSE,FALSE
Jeff,Weldon,bbus17,26,male,white,FALSE,0.18,non-lgbt,1,FALSE,0,0,0,FALSE,1,no,FALSE,15,FALSE,FALSE,FALSE
Da'Vonne,Rogers,bbus17,27,female,black,TRUE,0.18,non-lgbt,1,TRUE,0,0,0,FALSE,1,no,FALSE,16,FALSE,FALSE,FALSE
Jace,Agolli,bbus17,23,male,white,FALSE,0.18,non-lgbt,1,FALSE,0,0,0,FALSE,1,no,FALSE,17,FALSE,FALSE,FALSE
Nicole,Franzel,bbus18,23,female,white,FALSE,0.56,non-lgbt,2,FALSE,4,2,2,TRUE,3,no,TRUE,1,TRUE,FALSE,TRUE
Paul,Abrahamian,bbus18,23,male,armenian,TRUE,0.56,non-lgbt,1,FALSE,6,3,3,FALSE,6,no,TRUE,2,TRUE,TRUE,FALSE
James,Huling,bbus18,32,male,asian,TRUE,0.56,non-lgbt,2,FALSE,1,1,0,FALSE,2,no,TRUE,3,FALSE,FALSE,FALSE
Corey,Brooks,bbus18,25,male,white,FALSE,0.56,non-lgbt,1,FALSE,5,2,3,FALSE,5,no,TRUE,4,FALSE,FALSE,FALSE
Victor,Arroyo,bbus18,25,male,other-latinx,TRUE,0.56,non-lgbt,1,FALSE,5,3,1,FALSE,3,yes,TRUE,5,FALSE,FALSE,FALSE
Natalie,Negrotti,bbus18,26,female,other-latinx,TRUE,0.56,non-lgbt,1,FALSE,0,0,0,FALSE,2,no,TRUE,6,FALSE,FALSE,FALSE
Michelle,Meyer,bbus18,23,female,white,FALSE,0.56,non-lgbt,1,TRUE,2,1,1,FALSE,3,no,TRUE,7,FALSE,FALSE,FALSE
Paulie,Calafiore,bbus18,27,male,white,FALSE,0.56,non-lgbt,1,FALSE,5,2,3,FALSE,3,no,TRUE,8,FALSE,FALSE,FALSE
Bridgette,Dunning,bbus18,24,female,biracial,TRUE,0.56,non-lgbt,1,FALSE,2,1,1,FALSE,4,no,TRUE,9,FALSE,FALSE,FALSE
Zakiya,Everette,bbus18,24,female,black,TRUE,0.56,non-lgbt,1,FALSE,0,0,0,FALSE,1,no,TRUE,10,FALSE,FALSE,FALSE
Da'Vonne,Rogers,bbus18,28,female,black,TRUE,0.56,non-lgbt,2,FALSE,0,0,0,FALSE,2,no,TRUE,11,FALSE,FALSE,FALSE
Frank,Eudy,bbus18,32,male,white,FALSE,0.56,non-lgbt,2,FALSE,2,0,0,FALSE,1,no,FALSE,12,FALSE,FALSE,FALSE
Tiffany,Rousso,bbus18,32,female,white,FALSE,0.56,lesbian,1,FALSE,1,0,0,FALSE,4,no,FALSE,13,FALSE,FALSE,FALSE
Bronte,D'Acquisto,bbus18,26,female,white,FALSE,0.56,non-lgbt,1,FALSE,0,0,0,FALSE,2,no,FALSE,14,FALSE,FALSE,FALSE
Jozea,Flores,bbus18,25,male,black-latinx,TRUE,0.56,gay,1,FALSE,0,0,0,FALSE,1,no,FALSE,15,FALSE,FALSE,FALSE
Glenn,Garcia,bbus18,50,male,other-latinx,TRUE,0.56,non-lgbt,1,FALSE,0,0,0,FALSE,1,no,FALSE,16,FALSE,FALSE,FALSE
Morgan,Willett,bbott1,22,female,white,FALSE,0.23,non-lgbt,1,FALSE,3,1,2,FALSE,5,no,FALSE,1,FALSE,FALSE,TRUE
Jason,Roy,bbott1,27,male,white,FALSE,0.23,gay,2,FALSE,5,2,3,FALSE,3,no,FALSE,2,FALSE,TRUE,FALSE
Kryssie,Ridolfi,bbott1,31,female,white,FALSE,0.23,unknown,1,FALSE,1,1,0,FALSE,4,no,FALSE,3,FALSE,FALSE,FALSE
Justin,Ducan,bbott1,27,male,black,TRUE,0.23,non-lgbt,1,FALSE,1,0,1,FALSE,2,no,FALSE,4,FALSE,FALSE,FALSE
Shelby,Stockton,bbott1,24,female,white,FALSE,0.23,non-lgbt,1,FALSE,2,1,1,FALSE,2,no,FALSE,5,FALSE,FALSE,FALSE
"Danielle ""Dani""",Lickey,bbott1,23,female,biracial,TRUE,0.23,non-lgbt,1,FALSE,3,2,1,FALSE,5,no,FALSE,6,FALSE,FALSE,FALSE
Whitney,Hogg,bbott1,21,female,white,FALSE,0.23,non-lgbt,1,FALSE,0,0,0,FALSE,4,no,FALSE,7,FALSE,FALSE,FALSE
Alex,Willett,bbott1,25,female,white,FALSE,0.23,non-lgbt,1,FALSE,2,1,1,FALSE,1,no,FALSE,8,FALSE,FALSE,FALSE
Scott,Dennis,bbott1,24,male,white,FALSE,0.23,non-lgbt,1,TRUE,1,1,0,FALSE,2,no,FALSE,9,FALSE,FALSE,FALSE
Neeley,Jackson,bbott1,33,female,black,TRUE,0.23,non-lgbt,1,FALSE,0,0,0,FALSE,2,no,FALSE,10,FALSE,FALSE,FALSE
Shane,Chapman,bbott1,24,male,white,FALSE,0.23,non-lgbt,1,FALSE,1,0,1,FALSE,2,no,FALSE,11,FALSE,FALSE,FALSE
Monte,Massongill,bbott1,25,male,white,FALSE,0.23,non-lgbt,1,FALSE,0,0,0,TRUE,1,no,FALSE,12,FALSE,FALSE,FALSE
"Michael ""Cornbread""",Ligon,bbott1,41,male,white,FALSE,0.23,non-lgbt,1,FALSE,0,0,0,FALSE,1,no,FALSE,13,FALSE,FALSE,FALSE
Josh,Martinez,bbus19,23,male,black-latinx,TRUE,0.35,non-lgbt,1,FALSE,4,3,1,FALSE,3,no,TRUE,1,TRUE,FALSE,TRUE
Paul,Abrahamian,bbus19,24,male,armenian,TRUE,0.35,non-lgbt,2,FALSE,8,3,5,FALSE,2,no,TRUE,2,TRUE,TRUE,FALSE
Christmas,Abbott,bbus19,33,female,white,FALSE,0.35,non-lgbt,1,FALSE,2,2,0,FALSE,3,no,TRUE,3,FALSE,FALSE,FALSE
Kevin,Schlehuber,bbus19,56,male,white,FALSE,0.35,non-lgbt,1,FALSE,1,0,0,FALSE,4,no,TRUE,4,FALSE,FALSE,FALSE
Alex,Ow,bbus19,28,female,asian,TRUE,0.35,non-lgbt,1,TRUE,4,3,1,FALSE,4,no,TRUE,5,FALSE,FALSE,FALSE
Raven,Walton,bbus19,23,female,white,FALSE,0.35,non-lgbt,1,FALSE,0,0,0,FALSE,3,no,TRUE,6,FALSE,FALSE,FALSE
Jason,Dent,bbus19,38,male,white,FALSE,0.35,non-lgbt,1,FALSE,5,2,3,FALSE,4,no,TRUE,7,FALSE,FALSE,FALSE
Matt,Clines,bbus19,33,male,white,FALSE,0.35,non-lgbt,1,FALSE,1,0,1,FALSE,4,no,TRUE,8,FALSE,FALSE,FALSE
Mark,Jansen,bbus19,26,male,white,FALSE,0.35,non-lgbt,1,FALSE,5,0,2,FALSE,3,no,TRUE,9,FALSE,FALSE,FALSE
Elena,Davies,bbus19,26,female,white,FALSE,0.35,non-lgbt,1,FALSE,0,0,0,FALSE,3,no,TRUE,10,FALSE,FALSE,FALSE
Cody,Nickson,bbus19,32,male,white,FALSE,0.35,non-lgbt,1,FALSE,2,1,0,TRUE,3,yes,TRUE,11,FALSE,FALSE,FALSE
Jessica,Graf,bbus19,26,female,biracial-latinx,TRUE,0.35,non-lgbt,1,FALSE,2,1,1,FALSE,3,no,FALSE,12,FALSE,FALSE,FALSE
Ramses,Soto,bbus19,21,male,black-latinx,TRUE,0.35,gay,1,FALSE,0,0,0,FALSE,2,no,FALSE,13,FALSE,FALSE,FALSE
Dominque,Cooper,bbus19,31,female,black,TRUE,0.35,non-lgbt,1,FALSE,0,0,0,FALSE,1,no,FALSE,14,FALSE,FALSE,FALSE
Jillian,Parker,bbus19,24,female,white,FALSE,0.35,non-lgbt,1,FALSE,0,0,0,FALSE,2,no,FALSE,15,FALSE,FALSE,FALSE
Megan,Lowder,bbus19,28,female,white,FALSE,0.35,non-lgbt,1,FALSE,0,0,0,FALSE,1,no,FALSE,16,FALSE,FALSE,FALSE
Cameron,Heard,bbus19,24,male,white,FALSE,0.35,non-lgbt,1,FALSE,0,0,0,FALSE,1,no,FALSE,17,FALSE,FALSE,FALSE
Marissa,Winokur,cbbus1,45,female,white,FALSE,0.36,non-lgbt,1,FALSE,2,1,1,FALSE,2,no,TRUE,1,TRUE,FALSE,TRUE
Ross,Matthews,cbbus1,38,male,white,FALSE,0.36,gay,1,FALSE,5,3,2,FALSE,3,yes,TRUE,2,TRUE,TRUE,FALSE
Mark,McGrath,cbbus1,49,male,white,FALSE,0.36,non-lgbt,1,FALSE,1,0,1,FALSE,2,no,TRUE,3,FALSE,FALSE,FALSE
Ariadna,Gutierrez,cbbus1,24,female,other-latinx,TRUE,0.36,non-lgbt,1,TRUE,2,1,1,FALSE,3,no,TRUE,4,FALSE,FALSE,FALSE
Omarosa,Manigault,cbbus1,44,female,black,TRUE,0.36,non-lgbt,1,FALSE,2,0,2,FALSE,2,no,TRUE,5,FALSE,FALSE,FALSE
James,Maslow,cbbus1,27,male,white,FALSE,0.36,non-lgbt,1,FALSE,1,1,0,FALSE,3,no,TRUE,6,FALSE,FALSE,FALSE
Brandi,Glanville,cbbus1,45,female,white,FALSE,0.36,bisexual,1,FALSE,0,0,0,FALSE,2,no,TRUE,7,FALSE,FALSE,FALSE
Metta,World Peace,cbbus1,38,male,black,TRUE,0.36,non-lgbt,1,FALSE,0,0,0,FALSE,1,no,TRUE,8,FALSE,FALSE,FALSE
Shannon,Elizabeth,cbbus1,44,female,white,FALSE,0.36,non-lgbt,1,FALSE,2,1,1,TRUE,1,no,TRUE,9,FALSE,FALSE,FALSE
Keshia,Pulliam,cbbus1,38,female,black,TRUE,0.36,non-lgbt,1,FALSE,1,0,1,FALSE,1,no,TRUE,10,FALSE,FALSE,FALSE
Chuck,Liddell,cbbus1,48,male,white,FALSE,0.36,non-lgbt,1,FALSE,0,0,0,FALSE,1,no,TRUE,11,FALSE,FALSE,FALSE
Kaycee,Clark,bbus20,30,female,asian,TRUE,0.38,lesbian,1,FALSE,7,2,5,FALSE,2,n ,TRUE,1,TRUE,FALSE,TRUE
Tyler,Crispen,bbus20,23,male,white,FALSE,0.38,non-lgbt,1,FALSE,6,3,3,TRUE,3,yes,TRUE,2,TRUE,TRUE,FALSE
JC,Mounduix,bbus20,28,male,white-latinx,TRUE,0.38,gay,1,FALSE,1,1,0,FALSE,3,no,TRUE,3,FALSE,FALSE,FALSE
Angela,Rummans,bbus20,26,female,white,FALSE,0.38,non-lgbt,1,FALSE,5,3,2,FALSE,2,no,TRUE,4,FALSE,FALSE,FALSE
"Samantha ""Sam""",Bledsoe,bbus20,27,female,white,FALSE,0.38,non-lgbt,1,FALSE,1,1,0,FALSE,4,no,TRUE,5,FALSE,FALSE,FALSE
Brett,Robinson,bbus20,25,male,white,FALSE,0.38,non-lgbt,1,FALSE,1,0,1,FALSE,4,no,TRUE,6,FALSE,FALSE,FALSE
Haleigh,Broucher,bbus20,21,female,white,FALSE,0.38,non-lgbt,1,FALSE,1,1,0,FALSE,4,no,TRUE,7,FALSE,FALSE,FALSE
Scottie,Salton,bbus20,26,male,white,FALSE,0.38,non-lgbt,1,FALSE,2,1,1,FALSE,4,no,TRUE,8,FALSE,FALSE,FALSE
Faysal,Shafaat,bbus20,26,male,middle eastern,TRUE,0.38,non-lgbt,1,FALSE,3,1,2,FALSE,1,no,TRUE,9,FALSE,FALSE,FALSE
"Angie ""Rockstar""",Lantry,bbus20,34,female,white,FALSE,0.38,non-lgbt,1,FALSE,0,0,0,FALSE,3,no,TRUE,10,FALSE,FALSE,FALSE
Bayleigh,Dayton,bbus20,25,female,black,TRUE,0.38,non-lgbt,1,TRUE,1,1,0,FALSE,1,no,TRUE,11,FALSE,FALSE,FALSE
Rachel,Swindler,bbus20,29,female,white,FALSE,0.38,unknown,1,FALSE,0,0,0,FALSE,1,no,FALSE,12,FALSE,FALSE,FALSE
Kaitlyn,Herman,bbus20,24,female,white,FALSE,0.38,non-lgbt,1,FALSE,1,1,0,FALSE,1,no,FALSE,13,FALSE,FALSE,FALSE
Winston,Hines,bbus20,28,male,white,FALSE,0.38,non-lgbt,1,FALSE,0,0,0,FALSE,2,no,FALSE,14,FALSE,FALSE,FALSE
"Chris ""Swaggy C""",WIlliams,bbus20,23,male,black,TRUE,0.38,non-lgbt,1,FALSE,0,0,0,FALSE,1,no,FALSE,15,FALSE,FALSE,FALSE
Steve,Arienta,bbus20,40,male,biracial,TRUE,0.38,non-lgbt,1,FALSE,0,0,0,FALSE,1,no,FALSE,16,FALSE,FALSE,FALSE
Tamar,Braxton,cbbus2,41,female,black,TRUE,0.5,non-lgbt,1,TRUE,2,1,1,FALSE,2,no,TRUE,1,TRUE,FALSE,TRUE
Ricky,Williams,cbbus2,41,male,black,TRUE,0.5,non-lgbt,1,FALSE,3,2,1,FALSE,1,no,TRUE,2,TRUE,TRUE,FALSE
Lolo,Jones,cbbus2,36,female,biracial,TRUE,0.5,non-lgbt,1,FALSE,3,1,2,FALSE,2,no,TRUE,3,FALSE,FALSE,FALSE
Dina,Lohan,cbbus2,56,female,white,FALSE,0.5,non-lgbt,1,FALSE,0,0,0,FALSE,3,no,TRUE,4,FALSE,FALSE,FALSE
Kandi,Burruss,cbbus2,42,female,black,TRUE,0.5,non-lgbt,1,FALSE,0,0,0,FALSE,4,no,TRUE,5,FALSE,FALSE,FALSE
Tom,Green,cbbus2,47,male,white,FALSE,0.5,non-lgbt,1,FALSE,4,2,2,FALSE,4,yes,TRUE,6,FALSE,FALSE,FALSE
"Natalie ""Eva Marie""",Marie,cbbus2,34,female,other-latinx,TRUE,0.5,non-lgbt,1,FALSE,1,0,1,FALSE,1,no,TRUE,7,FALSE,FALSE,FALSE
Kato,Kaelin,cbbus2,59,male,white,FALSE,0.5,non-lgbt,1,FALSE,2,1,1,FALSE,1,no,TRUE,8,FALSE,FALSE,FALSE
Joey,Lawrence,cbbus2,42,male,white,FALSE,0.5,non-lgbt,1,FALSE,0,0,0,FALSE,2,no,TRUE,9,FALSE,FALSE,FALSE
Ryan,Lochte,cbbus2,34,male,biracial-latinx,TRUE,0.5,non-lgbt,1,FALSE,1,1,0,TRUE,1,no,TRUE,10,FALSE,FALSE,FALSE
Jonathan,Bennett,cbbus2,37,male,white,FALSE,0.5,gay,1,FALSE,0,0,0,FALSE,2,no,TRUE,11,FALSE,FALSE,FALSE
Anthony,Scaramucci,cbbus2,55,male,white,FALSE,0.5,non-lgbt,1,FALSE,0,0,0,FALSE,1,no,TRUE,12,FALSE,FALSE,FALSE
Jackson,Michie,bbus21,24,male,white,FALSE,0.31,non-lgbt,1,FALSE,10,4,4,FALSE,3,no,TRUE,1,TRUE,FALSE,TRUE
Holly,Allen,bbus21,31,female,white,FALSE,0.31,non-lgbt,1,FALSE,2,2,0,FALSE,3,no,TRUE,2,TRUE,TRUE,FALSE
Nicole,Anthony,bbus21,24,female,white,FALSE,0.31,non-lgbt,1,FALSE,3,2,1,FALSE,1,yes,TRUE,3,FALSE,FALSE,FALSE
Cliff,Hogg,bbus21,53,male,white,FALSE,0.31,non-lgbt,1,FALSE,2,1,1,FALSE,5,no,TRUE,4,FALSE,FALSE,FALSE
Tommy,Bracco,bbus21,28,male,white,FALSE,0.31,gay,1,TRUE,3,1,2,FALSE,2,no,TRUE,5,FALSE,FALSE,FALSE
Christie,Murphy,bbus21,28,female,white,FALSE,0.31,bisexual,1,FALSE,2,1,0,TRUE,5,no,TRUE,6,FALSE,FALSE,FALSE
"Jessica ""Jess""",Milagros,bbus21,37,female,other-latinx,TRUE,0.31,non-lgbt,1,FALSE,2,1,1,FALSE,2,no,TRUE,7,FALSE,FALSE,FALSE
Nick,Maccarone,bbus21,27,male,white,FALSE,0.31,non-lgbt,1,FALSE,2,1,1,FALSE,2,no,TRUE,8,FALSE,FALSE,FALSE
Analyse,Talvera,bbus21,22,female,unknown,TRUE,0.31,non-lgbt,1,FALSE,0,0,0,FALSE,1,no,TRUE,9,FALSE,FALSE,FALSE
"Kathryn ""Kat""",Dunn,bbus21,29,female,white,FALSE,0.31,non-lgbt,1,FALSE,1,0,1,FALSE,3,no,TRUE,10,FALSE,FALSE,FALSE
Jack,Mathews,bbus21,28,male,unknown,TRUE,0.31,non-lgbt,1,FALSE,2,1,0,FALSE,2,no,TRUE,11,FALSE,FALSE,FALSE
Sam,Smith,bbus21,31,male,white,FALSE,0.31,non-lgbt,1,FALSE,2,0,2,FALSE,1,no,FALSE,12,FALSE,FALSE,FALSE
"Isabella ""Bella""",Wang,bbus21,22,female,asian,TRUE,0.31,non-lgbt,1,FALSE,0,0,0,FALSE,1,no,FALSE,13,FALSE,FALSE,FALSE
Kemi,Fakunle,bbus21,25,female,black,TRUE,0.31,non-lgbt,1,FALSE,0,0,0,FALSE,1,no,FALSE,14,FALSE,FALSE,FALSE
Ovi,Kabir,bbus21,22,male,asian,TRUE,0.31,non-lgbt,1,FALSE,1,0,0,FALSE,1,no,FALSE,15,FALSE,FALSE,FALSE
David,Alexander,bbus21,29,male,black,TRUE,0.31,non-lgbt,1,FALSE,0,0,0,FALSE,0,no,FALSE,16,FALSE,FALSE,FALSE
Keesha,Smith,bbus22,42,female,white,FALSE,0.31,non-lgbt,2,FALSE,0,0,0,FALSE,1,no,FALSE,16,FALSE,FALSE,FALSE
Nicole,Anthony,bbus22,25,female,white,FALSE,0.31,non-lgbt,2,FALSE,0,0,0,FALSE,1,no,FALSE,15,FALSE,FALSE,FALSE
Janelle,Pierzina,bbus22,40,female,white,FALSE,0.31,non-lgbt,4,FALSE,0,0,0,FALSE,1,no,FALSE,14,FALSE,FALSE,FALSE
Kaysar,Ridha,bbus22,39,male,middle eastern,TRUE,0.31,non-lgbt,3,FALSE,1,0,0,FALSE,2,no,FALSE,13,FALSE,FALSE,FALSE
Bayleigh,Dayton,bbus22,27,female,black,TRUE,0.31,non-lgbt,2,FALSE,0,0,0,FALSE,1,no,FALSE,12,FALSE,FALSE,FALSE
Ian,Terry,bbus22,29,male,white,FALSE,0.31,non-lgbt,2,FALSE,0,0,0,FALSE,1,no,TRUE,11,FALSE,FALSE,FALSE
Da'Vonne,Rogers,bbus22,32,female,black,TRUE,0.31,non-lgbt,3,FALSE,1,0,1,FALSE,2,yes,TRUE,10,FALSE,FALSE,FALSE
Kevin,Campbell,bbus22,40,male,biracial,TRUE,0.31,gay,2,FALSE,1,0,1,FALSE,5,no,TRUE,9,FALSE,FALSE,FALSE
David,Alexander,bbus22,30,male,black,TRUE,0.31,non-lgbt,2,FALSE,1,0,0,FALSE,4,no,TRUE,8,FALSE,FALSE,FALSE
"Daniele ""Donato""",Briones,bbus22,33,female,white,FALSE,0.31,non-lgbt,3,FALSE,2,1,0,FALSE,1,no,TRUE,7,FALSE,FALSE,FALSE
Tyler,Crispen,bbus22,25,male,white,FALSE,0.31,non-lgbt,2,FALSE,4,2,2,FALSE,2,no,TRUE,6,FALSE,FALSE,FALSE
"Robert ""Memphis""",Garrett,bbus22,37,male,white,FALSE,0.31,non-lgbt,2,FALSE,4,3,1,FALSE,1,no,TRUE,5,FALSE,FALSE,FALSE
Christmas,Abbott,bbus22,38,female,white,FALSE,0.31,non-lgbt,2,TRUE,5,1,2,FALSE,4,no,TRUE,4,FALSE,FALSE,FALSE
Nicole,Franzel,bbus22,28,female,white,FALSE,0.31,non-lgbt,3,FALSE,2,1,1,FALSE,4,no,TRUE,3,FALSE,FALSE,FALSE
Enzo,Palumbo,bbus22,42,male,white,FALSE,0.31,non-lgbt,2,FALSE,4,2,1,FALSE,1,no,TRUE,2,TRUE,TRUE,FALSE
Cody,Calafiore,bbus22,29,male,white,FALSE,0.31,non-lgbt,2,FALSE,8,4,4,TRUE,0,no,TRUE,1,TRUE,FALSE,TRUE
Travis,Long,bbus23,22,male,white,FALSE,0.5,non-lgbt,1,FALSE,0,0,0,FALSE,1,no,FALSE,16,FALSE,FALSE,FALSE
"Brandon ""Frenchie""",French,bbus23,34,male,white,FALSE,0.5,non-lgbt,1,FALSE,1,1,0,TRUE,1,no,FALSE,15,FALSE,FALSE,FALSE
Brent,Champagne,bbus23,28,male,white,FALSE,0.5,non-lgbt,1,FALSE,0,0,0,FALSE,1,no,FALSE,14,FALSE,FALSE,FALSE
Whitney,Williams,bbus23,30,female,white,FALSE,0.5,non-lgbt,1,FALSE,0,0,0,FALSE,1,no,FALSE,13,FALSE,FALSE,FALSE
Christian,Birkenberger,bbus23,23,male,white,FALSE,0.5,non-lgbt,1,FALSE,4,1,2,FALSE,1,no,FALSE,12,FALSE,FALSE,FALSE
Britini,D'Angelo,bbus23,24,female,white,FALSE,0.5,non-lgbt,1,FALSE,1,0,1,FALSE,4,no,TRUE,11,FALSE,FALSE,FALSE
Derek,Xiao,bbus23,24,male,asian,TRUE,0.5,non-lgbt,1,FALSE,3,1,2,FALSE,1,no,TRUE,10,FALSE,FALSE,FALSE
"Sarah ""Sarah Beth""",Steagall,bbus23,27,female,white,FALSE,0.5,bisexual,1,FALSE,2,1,0,FALSE,2,no,TRUE,9,FALSE,FALSE,FALSE
Claire,Rehfuss,bbus23,25,female,white,FALSE,0.5,bisexual,1,FALSE,3,1,0,FALSE,2,no,TRUE,8,FALSE,FALSE,FALSE
Alyssa,Lopez,bbus23,24,female,biracial-latinx,TRUE,0.5,non-lgbt,1,FALSE,3,0,2,FALSE,3,no,TRUE,7,FALSE,FALSE,FALSE
Tiffany,Mitchell,bbus23,40,female,black,TRUE,0.5,non-lgbt,1,FALSE,3,2,0,FALSE,1,yes,TRUE,6,FALSE,FALSE,FALSE
Hannah,Chaddha,bbus23,21,female,biracial,TRUE,0.5,non-lgbt,1,FALSE,2,1,1,FALSE,3,no,TRUE,5,FALSE,FALSE,FALSE
Kyland,Young,bbus23,29,male,biracial-latinx,TRUE,0.5,pansexual,1,FALSE,7,3,3,FALSE,4,no,TRUE,4,FALSE,FALSE,FALSE
Azah,Awasum,bbus23,30,female,black,TRUE,0.5,non-lgbt,1,FALSE,1,1,0,FALSE,1,no,TRUE,3,FALSE,FALSE,FALSE
Derek,Frazier,bbus23,29,male,black,TRUE,0.5,gay,1,TRUE,0,0,0,FALSE,4,no,TRUE,2,TRUE,TRUE,FALSE
Xavier,Prather,bbus23,27,male,black,TRUE,0.5,non-lgbt,1,FALSE,6,3,3,FALSE,5,no,TRUE,1,TRUE,FALSE,TRUE
